Especie,Especie (denominación completa),Ámbito de aplicación,Nombre común,Grupo Taxonomico,Datos origen,Pais origen1,Pais origen2,Pais origen3,Pais origen4,Pais origen5,Pais origen6,Pais origen7,Pais origen8,Pais origen9,Pais origen10,Pais origen11,Pais origen12,Pais origen13,Pais origen14,Pais origen15,Pais origen16,Pais origen17,Pais origen18,Pais origen19,Pais origen20,Pais origen21,Pais origen22,Pais origen23,Pais origen24,Pais origen25,Pais origen26,Pais origen27,Pais origen28,Pais origen29,Pais origen30,Pais origen31,Pais origen32,Pais origen33,Pais origen34,Pais origen35,Pais origen36,Pais origen37,Pais origen38,Pais origen39,Pais origen40,Pais origen41,Pais origen42,Pais origen43,Pais origen44,Pais origen45,Pais origen46,Pais origen47,Pais origen48,Pais origen49,Pais origen50
Acrothamnion preissii,Acrothamnion preissii (Sonder) Wollaston,Completo,NA,Algas,ISSG,Australia,Korea,Japan,Philipines,South Africa,,,,,,,,,,,,,,,,,,,,,,,,,,,,,,,,,,,,,,,,,,,,,
Asparagopsis armata,"Asparagopsis armata (Harvey, 1855)",Completo,NA,Algas,MAPAMA,Australia,New Zealand,,,,,,,,,,,,,,,,,,,,,,,,,,,,,,,,,,,,,,,,,,,,,,,,
Caulerpa racemosa,"Caulerpa racemosa ((Forssk.) J.Agardh, 1873)", Excepto Canarias,NA,Algas,MAPAMA,Australia,,,,,,,,,,,,,,,,,,,,,,,,,,,,,,,,,,,,,,,,,,,,,,,,,
Caulerpa taxifolia,"Caulerpa taxifolia ((M.Vahl) C.Agardh, 1817)",Completo,NA,Algas,ISSG,Africa,Atlantic Ocean,Australia,Bermuda,China,Fiji,India,Indian Ocean,Japan,Maldives,New Caledonia (Nouvelle Caledonie),Seychelles,United States (USA),,,,,,,,,,,,,,,,,,,,,,,,,,,,,,,,,,,,,
Codium fragile,"Codium fragile ((Suringar) Hariot, 1889)",Completo,NA,Algas,ISSG,Japan,,,,,,,,,,,,,,,,,,,,,,,,,,,,,,,,,,,,,,,,,,,,,,,,,
Didymosphenia geminata,Didymosphenia geminata ((Lyngbye) M.Schmidt i A. Schmidt 1899),Completo,Didymo o moco de roca,Algas,ISSG,Canada,Faroe Islands,Finland,France,Ireland,North America,Norway,Spain,Sweden,Switzerland,United Kingdom (UK),,,,,,,,,,,,,,,,,,,,,,,,,,,,,,,,,,,,,,,
Gracilaria vermiculophylla,Gracilaria vermiculophylla (Ohmi) Papenfuss 1967,Completo,NA,Algas,ISSG,China,Japan,"Korea, Democratic People's Republic of","Korea, Republic of",Russian Federation,Viet Nam (Vietnam),,,,,,,,,,,,,,,,,,,,,,,,,,,,,,,,,,,,,,,,,,,,
Grateloupia turuturu,"Grateloupia turuturu (Yamada, 1941)",Completo,NA,Algas,MAPAMA,Japan,,,,,,,,,,,,,,,,,,,,,,,,,,,,,,,,,,,,,,,,,,,,,,,,,
Lophocladia lallemandii,Lophocladia lallemandii (Montagne) F.Schmitz 1893,Completo,NA,Algas,MAPAMA,Australia,New Zealand,Japan,India ,Iran ,Israel ,Oman,Maldives,kenya,Tanzania,,,,,,,,,,,,,,,,,,,,,,,,,,,,,,,,,,,,,,,,
Sargassum muticum,"Sargassum muticum ((Yendo) Fensholt, 1955)",Completo,NA,Algas,ISSG,China,Japan,"Korea, Democratic People's Republic of","Korea, Republic of",Russian Federation,,,,,,,,,,,,,,,,,,,,,,,,,,,,,,,,,,,,,,,,,,,,,
Stypopodium schimperi,"Stypopodium schimperi ((Buchinger ex Kützing) Verlaque & Boudouresque, 1991)",Completo,NA,Algas,MAPAMA,Egypt,,,,,,,,,,,,,,,,,,,,,,,,,,,,,,,,,,,,,,,,,,,,,,,,,
Womersleyella setacea,Womersleyella setacea (Hollenberg) R.E.Norris 1992,Completo,NA,Algas,MAPAMA,United States (USA),,,,,,,,,,,,,,,,,,,,,,,,,,,,,,,,,,,,,,,,,,,,,,,,,
Acacia dealbata ,Acacia dealbata Link.,Excepto Canarias y Baleares,"Mimosa, acacia, acacia francesa",Flora,MAPAMA,Australia,,,,,,,,,,,,,,,,,,,,,,,,,,,,,,,,,,,,,,,,,,,,,,,,,
Agave americana ,Agave americana L.,Completo,Pitera común,Flora,ISSG,Mexico,United States,,,,,,,,,,,,,,,,,,,,,,,,,,,,,,,,,,,,,,,,,,,,,,,,
Ailanthus altissima,Ailanthus altissima (Miller) Swingle,Completo,"Ailanto, árbol del cielo, zumaque falso",Flora,ISSG,Australia,China,,,,,,,,,,,,,,,,,,,,,,,,,,,,,,,,,,,,,,,,,,,,,,,,
Alternanthera philoxeroides,"Alternanthera philoxeroides (Mart.) Griseb.,",Completo,"Lagunilla, hierba del lagarto, huiro verde",Flora,ISSG,Argentina,Bolivia,Brazil,Paraguay,Peru,Uruguay,Venezuela,,,,,,,,,,,,,,,,,,,,,,,,,,,,,,,,,,,,,,,,,,,
Ambrosia artemisiifolia,Ambrosia artemisiifolia L.,Completo,Ambrosia,Flora,ISSG,Canada,Mexico,United States (USA),,,,,,,,,,,,,,,,,,,,,,,,,,,,,,,,,,,,,,,,,,,,,,,
Araujia sericifera,Araujia sericifera Brot.,Completo,"Planta cruel, miraguano",Flora,MAPAMA,Argentina,Uruguay,Paraguay,Brazil,,,,,,,,,,,,,,,,,,,,,,,,,,,,,,,,,,,,,,,,,,,,,,
Asparagus asparagoides,Asparagus asparagoides (L.) Druce ,Completo,Esparraguera africana,Flora,MAPAMA,Lesotho,South Africa,Swaziland,,,,,,,,,,,,,,,,,,,,,,,,,,,,,,,,,,,,,,,,,,,,,,,
Azolla,Azolla spp.,Completo,Azolla,Flora,MAPAMA/GBIF,United States (USA),Mexico,Guatemala,Nicaragua,Costa Rica,Panama,Cuba,Republica dominicana,Puerto Rico,Colombia,Ecuador,Venezuela,Bolivia,Argentina,Uruguay,Brasil,Peru,Paraguay,Guatemala,Honduras,Nicaragua,Chile,El Salvador,Guyana,French Guiana,,,,,,,,,,,,,,,,,,,,,,,,,
Baccharis halimifolia,Baccharis halimifolia L.,Completo,"Bácaris, chilca, chilca de hoja de orzaga, carqueja",Flora,MAPAMA,United States (USA),,,,,,,,,,,,,,,,,,,,,,,,,,,,,,,,,,,,,,,,,,,,,,,,,
Buddleja davidii ,Buddleja davidii Franchet,Completo,"Budleya, baileya, arbusto de las mariposas",Flora,ISSG,China,,,,,,,,,,,,,,,,,,,,,,,,,,,,,,,,,,,,,,,,,,,,,,,,,
Cabomba caroliniana,Cabomba caroliniana Gray,Completo,   Ortiga acuática,Flora,ISSG,Argentina,Brazil,Georgia,Paraguay,United States (USA),Uruguay,,,,,,,,,,,,,,,,,,,,,,,,,,,,,,,,,,,,,,,,,,,,
Carpobrotus acinaciformis,Carpobrotus acinaciformis (L.) L. Bolus,Excepto Canarias,"Hierba del cuchillo, uña de gato, uña de león",Flora,ISSG,South Africa,,,,,,,,,,,,,,,,,,,,,,,,,,,,,,,,,,,,,,,,,,,,,,,,,
Carpobrotus edulis,Carpobrotus edulis (L.) N.E. Br.,Completo,"Hierba del cuchillo, uña de gato, uña de león",Flora,ISSG,South Africa,,,,,,,,,,,,,,,,,,,,,,,,,,,,,,,,,,,,,,,,,,,,,,,,,
Cortaderia,Cortaderia spp.,Excepto Canarias,"Hierba de la pampa, carrizo de la pampa",Flora,ISSG,Argentina,Brazil,Chile,Paraguay,Uruguay,,,,,,,,,,,,,,,,,,,,,,,,,,,,,,,,,,,,,,,,,,,,,
Cotula coronopifolia ,Cotula coronopifolia L.,Baleares ,Cotula,Flora,MAPAMA/GBIF,South Africa,Angola,Namibia,,,,,,,,,,,,,,,,,,,,,,,,,,,,,,,,,,,,,,,,,,,,,,,
Crassula helmsii,Crassula helmsii (Kirk) Cockayne,Completo,NA,Flora,ISSG,Australia,New Zealand,,,,,,,,,,,,,,,,,,,,,,,,,,,,,,,,,,,,,,,,,,,,,,,,
Cylindropuntia,Cylindropuntia spp.,Completo,Cylindropuntia,Flora,MAPAMA,United States (USA),Mexico,,,,,,,,,,,,,,,,,,,,,,,,,,,,,,,,,,,,,,,,,,,,,,,,
Egeria densa,Egeria densa Planch.,Completo,Elodea densa,Flora,ISSG,Argentina,Brazil,Uruguay,,,,,,,,,,,,,,,,,,,,,,,,,,,,,,,,,,,,,,,,,,,,,,,
Eichhornia crassipes,Eichhornia crassipes (Mart.) Solms,Completo,"Jacinto de agua, camalote",Flora,ISSG,Brazil,South America,,,,,,,,,,,,,,,,,,,,,,,,,,,,,,,,,,,,,,,,,,,,,,,,
Elodea canadensis,Elodea canadensis Michx.,Completo,"Broza del Canadá, peste de agua",Flora,ISSG,North America,,,,,,,,,,,,,,,,,,,,,,,,,,,,,,,,,,,,,,,,,,,,,,,,,
Elodea nuttallii,Elodea nuttallii (Planch.) H. St. John,Completo,"Broza del Canadá, peste de agua",Flora,MAPAMA/GBIF,United States (USA),Canada,,,,,,,,,,,,,,,,,,,,,,,,,,,,,,,,,,,,,,,,,,,,,,,,
Fallopia baldschuanica,Fallopia baldschuanica (Regel) Holub,Completo,Viña del Tíbet,Flora,MAPAMA,China,,,,,,,,,,,,,,,,,,,,,,,,,,,,,,,,,,,,,,,,,,,,,,,,,
Fallopia japonica,Fallopia japonica (Houtt.) (=Reynoutria japonica Houtt.),Completo,Hierba nudosa japonesa,Flora,ISSG,China,Japan,"Korea, Republic of",Taiwan,,,,,,,,,,,,,,,,,,,,,,,,,,,,,,,,,,,,,,,,,,,,,,
Hedychium gardnerianum,Hedychium gardnerianum Shepard ex Ker Gawl.,Completo,Jengibre blanco,Flora,ISSG,Asia,,,,,,,,,,,,,,,,,,,,,,,,,,,,,,,,,,,,,,,,,,,,,,,,,
Heracleum mantegazzianum,Heracleum mantegazzianum Somm. & Lev.,Completo,Perejil gigante,Flora,ISSG,Azerbaijan,Georgia,Russian Federation,,,,,,,,,,,,,,,,,,,,,,,,,,,,,,,,,,,,,,,,,,,,,,,
Hydrocotyle ranunculoides,Hydrocotyle ranunculoides L. f.,Completo,Redondita de agua,Flora,MAPAMA/GBIF,Mexico,United States (USA),Colombia,Brazil,Israel,Bolivia,Argentina,Paraguay,Costa Rica,Canada,Ethiopia,Peru,Ecuador,Uganda,Chile,"Congo, The Democratic Republic of the",Madagascar,Syrian Arab Republic,Tanzania,Guatemala,Nicaragua,Sudan,Botawana,Cuba,Palestine,Rwanda,Uruguay,,,,,,,,,,,,,,,,,,,,,,,
Ipomoea indica,Ipomoea indica (Burn),Canarias y Baleares,"Campanilla morada, batatilla de Indias",Flora,MAPAMA/GBIF,Mexico,Brazil,United States (USA),Costa Rica,Paraguay,Argentina,Colobia,Puerto Rico,Belize,Panama,Honduras,Peru,Nicaragua,Guatemala,Dominican Republic,Cuba,Venezuela,Uruguay,Bahamas,Bolivia,Guyana,Haiti,Jamaica,Bermuda,Ecuador,"Virgin Islands, British",,,,,,,,,,,,,,,,,,,,,,,,
Ludwigia ,Ludwigia spp.(Excepto L.palustris (L.) Elliott),Completo,Duraznillo de agua,Flora,ISSG,Argentina,Belize,Bolivia,Brazil,Cayman Islands,Chile,Colombia,Costa Rica,Cuba,Ecuador,El Salvador,Guatemala,Honduras,Jamaica,Mexico,Nicaragua,Panama,Paraguay,Peru,Republic of Haiti,Trinidad and Tobago,Uruguay,Venezuela,,,,,,,,,,,,,,,,,,,,,,,,,,,
Myriophyllum aquaticum ,Myriophyllum aquaticum (Vell.) Verdc ,Completo,NA,Flora,ISSG,Argentina,Bolivia,Brazil,Chile,Ecuador,Paraguay,Peru,,,,,,,,,,,,,,,,,,,,,,,,,,,,,,,,,,,,,,,,,,,
Nicotiana glauca,Nicotiana glauca Graham,Completo,Tabaco moruno,Flora,ISSG,Argentina,Bolivia,Brazil,Chile,Ecuador,Paraguay,Peru,Uruguay,,,,,,,,,,,,,,,,,,,,,,,,,,,,,,,,,,,,,,,,,,
Nymphaea mexicana ,Nymphaea mexicana Zucc.,Completo,Lirio Amarillo,Flora,MAPAMA,United States (USA),Mexico,,,,,,,,,,,,,,,,,,,,,,,,,,,,,,,,,,,,,,,,,,,,,,,,
Opuntia dillenii,Opuntia dillenii (Ker-Gawler) Haw.,Completo,Tunera india,Flora,MAPAMA,United States (USA),Mexico,Bahamas,Cuba,Cayman Islands,Jamaica,DOMINICAN REPUBLIC,Puerto Rico,VIRGIN ISLANDS,NETHERLANDS ANTILLES,Bermudas,Ecuador,,,,,,,,,,,,,,,,,,,,,,,,,,,,,,,,,,,,,,
Opuntia maxima,Opuntia maxima Miller.,Completo,Tunera común,Flora,MAPAMA/GBIF,Mexico,Colombia,Guatemala,Nicaragua,Costa Rica,Panama,,,,,,,,,,,,,,,,,,,,,,,,,,,,,,,,,,,,,,,,,,,,
Opuntia stricta,Opuntia stricta (Haw.),Excepto Canarias,Chumbera,Flora,ISSG,Atlantic Ocean,Bermuda,Central America,Cuba,Mexico,North America,South America,United States (USA),,,,,,,,,,,,,,,,,,,,,,,,,,,,,,,,,,,,,,,,,,
Oxalis pes-caprae,Oxalis pes-caprae L.,Completo,"Agrio, agrios, vinagrera, vinagreras",Flora,ISSG,Namibia,South Africa,,,,,,,,,,,,,,,,,,,,,,,,,,,,,,,,,,,,,,,,,,,,,,,,
Pennisetum clandestinum,Pennisetum clandestinum Hochst. ex Chiov.,Canarias y Baleares,Quicuyo,Flora,MAPAMA/GBIF,South Africa,Tanzania,Kenya,"Congo, The Democratic Republic of the",Cameroon,Ethiopia,Rwanda,Uganda,Burundi,Madagascar,,,,,,,,,,,,,,,,,,,,,,,,,,,,,,,,,,,,,,,,
Pennisetum setaceum,Pennisetum setaceum (Forssk.) Chiov.,Completo,"Plumero, rabogato, pasto de elefante",Flora,MAPAMA/GBIF,Ethiopia,Yemen,Tunisia,Somalia,Algeria,Eritrea,Niger,Somalia,Nigeria,Burkina Faso,Moroco,,,,,,,,,,,,,,,,,,,,,,,,,,,,,,,,,,,,,,,
Pennisetum villosum,Pennisetum villosum R. Br. ex Fresen,Baleares,Rabogato albino,Flora,MAPAMA/GBIF,Ethiopia,South Africa,Morocco,Somalia,,,,,,,,,,,,,,,,,,,,,,,,,,,,,,,,,,,,,,,,,,,,,,
Pistia stratiotes,Pistia stratiotes L. Royle,Completo,Lechuga de agua,Flora,ISSG/GBIF,Mexico,Brazil,Costa Rica,Paraguay,Colombia,Nicaragua,United States,Ecuador,Argentina,Panama,Bolivia,El Salvador,Guatemala,Honduras,Venezuela,Peru,French Guiana,Guyana,Puerto Rico,Belize,Dominican Republic,Cuba,Jamaica,Suriname,,,,,,,,,,,,,,,,,,,,,,,,,,
Salvinia,Salvinia spp. ,Completo,Salvinia,Flora,ISSG,Argentina,Belize,Bolivia,Brazil,Colombia,Cuba,Ecuador,El Salvador,Guatemala,Honduras,Mexico,Nicaragua,Panama,Paraguay,Peru,Puerto Rico,Uruguay,Venezuela,,,,,,,,,,,,,,,,,,,,,,,,,,,,,,,,
Senecio inaequidens,Senecio inaequidens DC.,Completo,Senecio del Cabo,Flora,ISSG,Botswana,Lesotho,Mozambique,Namibia,South Africa,Swaziland,,,,,,,,,,,,,,,,,,,,,,,,,,,,,,,,,,,,,,,,,,,,
Spartina alterniflora,Spartina alterniflora Loisel.,Completo,Borraza,Flora,ISSG,Argentina,Brazil,Canada,French Guiana,Georgia,Guadeloupe,Guyana,Suriname,Trinidad and Tobago,United States (USA),Uruguay,,,,,,,,,,,,,,,,,,,,,,,,,,,,,,,,,,,,,,,
Spartina densiflora,Spartina densiflora Brongn.,Completo,Espartillo,Flora,ISSG,Argentina,Brazil,Chile,,,,,,,,,,,,,,,,,,,,,,,,,,,,,,,,,,,,,,,,,,,,,,,
Spartina patens,Spartina patens (Ait.) Muhl,Completo,NA,Flora,MAPAMA,United States (USA),,,,,,,,,,,,,,,,,,,,,,,,,,,,,,,,,,,,,,,,,,,,,,,,,
Tradescantia fluminensis,Tradescantia fluminensis Velloso,Completo,"Amor de hombre, oreja de gato",Flora,ISSG,Brazil,,,,,,,,,,,,,,,,,,,,,,,,,,,,,,,,,,,,,,,,,,,,,,,,,
Achatina fulica,"Achatina fulica (Ferussac, 1821)",Completo,Caracol gigante africano,Invertebrados no artrópodos,ISSG,Ethiopia,Kenya,"Tanzania, United Republic of",,,,,,,,,,,,,,,,,,,,,,,,,,,,,,,,,,,,,,,,,,,,,,,
Sinanodonta woodiana,"Sinanodonta woodiana (Lea, 1834)",Completo,NA,Invertebrados no artrópodos,MAPAMA,Russia,China,Cambodia,Thailandia,Malaysia,japan,taiwan,,,,,,,,,,,,,,,,,,,,,,,,,,,,,,,,,,,,,,,,,,,
Bursaphelenchus xylophilus,"Bursaphelenchus xylophilus (Steiner and Buhrer, 1934) Nickle, 1970",Completo,Nemátodo de la madera del pino,Invertebrados no artrópodos,ISSG,Canada,United States (USA),,,,,,,,,,,,,,,,,,,,,,,,,,,,,,,,,,,,,,,,,,,,,,,,
Corbicula fluminea,"Corbicula fluminea (Muller, 1774)",Completo,Almeja de río asiática,Invertebrados no artrópodos,ISSG,China,"Korea, Democratic People's Republic of",Russian Federation,,,,,,,,,,,,,,,,,,,,,,,,,,,,,,,,,,,,,,,,,,,,,,,
Crepidula fornicata ,"Crepidula fornicata (Linnaeus, 1758)",Completo,NA,Invertebrados no artrópodos,ISSG,,Canada,Mexico,,United States (USA),,,,,,,,,,,,,,,,,,,,,,,,,,,,,,,,,,,,,,,,,,,,,
Dreissena bugensis ,"Dreissena bugensis Andrusov, 1897",Completo,Mejillón quagga,Invertebrados no artrópodos,ISSG,Europe,Ukraine,,,,,,,,,,,,,,,,,,,,,,,,,,,,,,,,,,,,,,,,,,,,,,,,
Dreissena polymorpha,"Dreissena polymorpha (Pallas, 1771)",Completo,Mejillón cebra,Invertebrados no artrópodos,ISSG,Europe,Russian Federation,Turkey,Ukraine,,,,,,,,,,,,,,,,,,,,,,,,,,,,,,,,,,,,,,,,,,,,,,
Ficopomatus enigmaticus ,"Ficopomatus enigmaticus (Fauvel, 1923)",Completo,Mercierella,Invertebrados no artrópodos,ISSG,Australia,,,,,,,,,,,,,,,,,,,,,,,,,,,,,,,,,,,,,,,,,,,,,,,,,
Melanoides tuberculatus,"Melanoides tuberculatus (Muller, 1774)",Completo,Caracol trompeta,Invertebrados no artrópodos,MAPAMA/GBIF,Malaysia,Kenya,Australia,Indonesia,Uganda,South Africa,Thailand,Egypt,Tanzania,Yemen,Papua New Guinea,Taiwan,Timor-Leste,Japan,Malawi,Madagascar,Ethiopia,Viet Nam,China ,India,Vanuatu,Somalia,Angola,Mozambique,Namibia,Nigeria,Saudi Arabia,Fiji,Reunion,Tunisia,Zimbabwe,Iraq,Myanmar,Niger,Sudan,Chad,"Congo, The Democratic Republic of the",Algeria,Ghana,,,,,,,,,,,
Mnemiopsis leidyi ,"Mnemiopsis leidyi A. Agassiz, 1865",Completo,NA,Invertebrados no artrópodos,ISSG,North America,South America,,,,,,,,,,,,,,,,,,,,,,,,,,,,,,,,,,,,,,,,,,,,,,,,
Mytilopsis leucophaeata,"Mytilopsis leucophaeata (Conrad, 1831)",Completo,Mejillón de agua salobre,Invertebrados no artrópodos,ISSG,Mexico,United States (USA),,,,,,,,,,,,,,,,,,,,,,,,,,,,,,,,,,,,,,,,,,,,,,,,
Potamocorbula amurensis ,"Potamocorbula amurensis (Schrenck, 1861)",Completo,Almeja asiática,Invertebrados no artrópodos,ISSG,China,Japan,"Korea, Democratic People's Republic of","Korea, Republic of",,,,,,,,,,,,,,,,,,,,,,,,,,,,,,,,,,,,,,,,,,,,,,
Potamopyrgus antipodarum ,"Potamopyrgus antipodarum (J.E.Gray, 1853)",Completo,Caracol del cieno,Invertebrados no artrópodos,ISSG,New Zealand,,,,,,,,,,,,,,,,,,,,,,,,,,,,,,,,,,,,,,,,,,,,,,,,,
Rhopilema nomadica ,"Rhopilema nomadica Galil, 1990",Completo,NA,Invertebrados no artrópodos,MAPAMA/GBIF,Israel,,,,,,,,,,,,,,,,,,,,,,,,,,,,,,,,,,,,,,,,,,,,,,,,,
Limnoperna securis,"Limnoperna securis (Lamarck, 1819)",Completo,Mejillón pequeño marrón,Invertebrados no artrópodos,MAPAMA,Australia,New Zealand,,,,,,,,,,,,,,,,,,,,,,,,,,,,,,,,,,,,,,,,,,,,,,,,
Aedes albopictus,"Aedes albopictus (Skuse, 1895)",Completo,Mosquito tigre,Artrópodos no crustáceos,ISSG,Japan,,,,,,,,,,,,,,,,,,,,,,,,,,,,,,,,,,,,,,,,,,,,,,,,,
Harmonia axyridis ,"Harmonia axyridis (Pallas, 1773)",Completo,Mariquita asiática,Artrópodos no crustáceos,ISSG,China,Japan,"Korea, Democratic People's Republic of","Korea, Republic of",Russian Federation,,,,,,,,,,,,,,,,,,,,,,,,,,,,,,,,,,,,,,,,,,,,,
Lasius neglectus,"Lasius neglectus (Van Loon, Boomsma & Andrásfalvy, 1990)",Completo,Hormiga invasora de jardines,Artrópodos no crustáceos,ISSG,Turkey,Uzbekistan,,,,,,,,,,,,,,,,,,,,,,,,,,,,,,,,,,,,,,,,,,,,,,,,
Leptoglossus occidentalis,"Leptoglossus occidentalis Heidemann, 1910",Completo,Chinche americana del pino,Artrópodos no crustáceos,MAPAMA,United States (USA),,,,,,,,,,,,,,,,,,,,,,,,,,,,,,,,,,,,,,,,,,,,,,,,,
Linepithema humile,"Linepithema humile (Mayr, 1868)",Completo,Hormiga argentina,Artrópodos no crustáceos,ISSG,Argentina,Brazil,Paraguay,Uruguay,,,,,,,,,,,,,,,,,,,,,,,,,,,,,,,,,,,,,,,,,,,,,,
Monomorium destructor,"Monomorium destructor (Jerdon, 1851)",Completo,Hormiga de Singapur,Artrópodos no crustáceos,ISSG,India,Japan,Malaysia,Sri Lanka,,,,,,,,,,,,,,,,,,,,,,,,,,,,,,,,,,,,,,,,,,,,,,
Paratrechina longicornis,"Paratrechina longicornis (Latreille, 1802)",Completo,Hormiga loca,Artrópodos no crustáceos,ISSG,Africa,,,,,,,,,,,,,,,,,,,,,,,,,,,,,,,,,,,,,,,,,,,,,,,,,
Paysandisia archon,"Paysandisia archon (Burmeister, 1880)",Completo,Oruga perforadora de palmeras,Artrópodos no crustáceos,MAPAMA,Argentina,Uruguay,Brazil,Paraguay,,,,,,,,,,,,,,,,,,,,,,,,,,,,,,,,,,,,,,,,,,,,,,
Rhynchophorus ferrugineus,"Rhynchophorus ferrugineus (Olivier, 1790)",Completo,"Picudo rojo, gorgojo de las palmeras",Artrópodos no crustáceos,MAPAMA,Indonesia,Japan,India,Thailandia,Papua New Guinea,Taiwan,,,,,,,,,,,,,,,,,,,,,,,,,,,,,,,,,,,,,,,,,,,,
Tapinoma melanocephalum,"Tapinoma melanocephalum (Fabricius, 1793) ",Completo,Hormiga fantasma,Artrópodos no crustáceos,ISSG,Thailand,,,,,,,,,,,,,,,,,,,,,,,,,,,,,,,,,,,,,,,,,,,,,,,,,
Vespa,Vespa spp. (especies no europeas ),Completo,NA,Artrópodos no crustáceos,MAPAMA,China,Taiwan,India,Malaysia,,,,,,,,,,,,,,,,,,,,,,,,,,,,,,,,,,,,,,,,,,,,,,
Cherax destructor,"Cherax destructor Clark, 1936",Completo,Yabbie,Crustáceos,MAPAMA,Australia,,,,,,,,,,,,,,,,,,,,,,,,,,,,,,,,,,,,,,,,,,,,,,,,,
Dyspanopeus sayi,"Dyspanopeus sayi (S. I. Smith, 1869)",Completo,NA,Crustáceos,MAPAMA,United States (USA),,,,,,,,,,,,,,,,,,,,,,,,,,,,,,,,,,,,,,,,,,,,,,,,,
Eriocheir sinensis,"Eriocheir sinensis Milne-Edwards, 1853",Completo,Cangrejo chino,Crustáceos,ISSG,China,Hong Kong,Japan,,,,,,,,,,,,,,,,,,,,,,,,,,,,,,,,,,,,,,,,,,,,,,,
Orconectes limosus,"Orconectes limosus (Rafinesque, 1817)",Completo,Cangrejo de los canales,Crustáceos,MAPAMA,United States (USA),Canada,,,,,,,,,,,,,,,,,,,,,,,,,,,,,,,,,,,,,,,,,,,,,,,,
Pacifastacus leniusculus,"Pacifastacus leniusculus (Dana, 1852)",Completo,"Cangrejo señal, cangrejo de California, cangrejo del Pacífico.",Crustáceos,ISSG,Canada,United States (USA),,,,,,,,,,,,,,,,,,,,,,,,,,,,,,,,,,,,,,,,,,,,,,,,
Procambarus clarkii,"Procambarus clarkii (Girard, 1852)",Completo,"Cangrejo rojo, cangrejo americano, cangrejo de las marismas",Crustáceos,ISSG,Mexico,United States (USA),,,,,,,,,,,,,,,,,,,,,,,,,,,,,,,,,,,,,,,,,,,,,,,,
Rhithropanopeus harrisii,"Rhithropanopeus harrisii (Gould, 1841)",Completo,NA,Crustáceos,ISSG,Canada,Mexico,United States (USA),,,,,,,,,,,,,,,,,,,,,,,,,,,,,,,,,,,,,,,,,,,,,,,
Triops longicaudatus,"Triops longicaudatus (Le Conte, 1846)",Completo,NA,Crustáceos,MAPAMA/GBIF,Mexico,United States (USA),,,,,,,,,,,,,,,,,,,,,,,,,,,,,,,,,,,,,,,,,,,,,,,,
Ameiurus melas,"Ameiurus melas (Rafinesque, 1820) ",Completo,Pez gato negro,Peces,MAPAMA,Mexico,United States (USA),,,,,,,,,,,,,,,,,,,,,,,,,,,,,,,,,,,,,,,,,,,,,,,,
Channa,Channa spp.,Completo,Pez Cabeza de Serpiente del norte,Peces,ISSG,China,"Korea, Democratic People's Republic of",Russian Federation,,,,,,,,,,,,,,,,,,,,,,,,,,,,,,,,,,,,,,,,,,,,,,,
Esox lucius ,"Esox lucius  Linnaeus, 1758",Completo,Lucio,Peces,ISSG,Albania,Armenia,Azerbaijan,Belarus,Belgium,Bosnia and Herzegovina,Bulgaria,Canada,China,Croatia,Czech Republic,Denmark,Estonia,Finland,France,Georgia,Germany,Greece,Holy See (Vatican City State),Hungary,"Iran, Islamic Republic of",Italy,Jersey,Kazakhstan,Kyrgyzstan,Latvia,Liechtenstein,Lithuania,Luxembourg,Macedonia,"Moldova, Republic of",Monaco,Mongolia,Netherlands,Norway,Poland,Romania,Russian Federation,San Marino,Serbia,Slovakia,Slovenia,Sweden,Switzerland,Turkey,Turkmenistan,Ukraine,United Kingdom (UK),United States (USA),Uzbekistan
Fundulus heteroclitus,"Fundulus heteroclitus (Linnaeus, 1766) ",Completo,"Fúndulo, Pez momia",Peces,MAPAMA,United States (USA),Canada,,,,,,,,,,,,,,,,,,,,,,,,,,,,,,,,,,,,,,,,,,,,,,,,
Australoheros facetus,"Australoheros facetus ( = Herychtys facetum) (Jenyns, 1842)",Completo,Chanchito,Peces,MAPAMA,Argentina,Brazil,Paraguay,Uruguay,,,,,,,,,,,,,,,,,,,,,,,,,,,,,,,,,,,,,,,,,,,,,,
Gambusia holbrooki,"Gambusia holbrooki Girard, 1859",Completo,Gambusia,Peces,MAPAMA,United States (USA),,,,,,,,,,,,,,,,,,,,,,,,,,,,,,,,,,,,,,,,,,,,,,,,,
Ictalurus punctatus,"Ictalurus punctatus (Rafinesque, 1818) ",Completo,"Pez gato punteado, bagre de canal",Peces,MAPAMA,Mexico,United States (USA),,,,,,,,,,,,,,,,,,,,,,,,,,,,,,,,,,,,,,,,,,,,,,,,
Lepomis gibbosus,"Lepomis gibbosus (Linnaeus, 1758 )",Completo,"Percasol, pez sol",Peces,MAPAMA,Canada,United States (USA),,,,,,,,,,,,,,,,,,,,,,,,,,,,,,,,,,,,,,,,,,,,,,,,
Micropterus salmoides,"Micropterus salmoides (Lacépède, 1802)",Completo,Perca americana,Peces,ISSG,Canada,Mexico,United States (USA),,,,,,,,,,,,,,,,,,,,,,,,,,,,,,,,,,,,,,,,,,,,,,,
Misgurnus anguillicaudatus,"Misgurnus anguillicaudatus (Cantor, 1842)",Completo,Dojo,Peces,ISSG,Cambodia,China,Hong Kong,India,"Korea, Democratic People's Republic of","Korea, Republic of",Lao People`s Democratic Republic,Myanmar (Burma),Russian Federation,Taiwan,Thailand,Viet Nam (Vietnam),,,,,,,,,,,,,,,,,,,,,,,,,,,,,,,,,,,,,,
Perca fluviatilis,"Perca fluviatilis Linnaeus, 1758 ",Completo,Perca de río,Peces,ISSG,Afghanistan,Albania,Armenia,Austria,Azerbaijan,Belgium,Bosnia and Herzegovina,Bulgaria,Croatia,Czech Republic,Denmark,Estonia,Europe,Finland,France,Georgia,Germany,Hungary,"Iran, Islamic Republic of",Ireland,Kazakhstan,Latvia,Liechtenstein,Lithuania,"Moldova, Republic of",Mongolia,Netherlands,Norway,Poland,Romania,Russian Federation,Slovakia,Slovenia,Sweden,Switzerland,Turkey,Ukraine,United Kingdom (UK),Uzbekistan,,,,,,,,,,,
Pseudorasbora parva,"Pseudorasbora parva (Temminck et Schlegel, 1846)",Completo,Pseudorasbora,Peces,MAPAMA,Japan,Taiwan,Korea,China,,,,,,,,,,,,,,,,,,,,,,,,,,,,,,,,,,,,,,,,,,,,,,
Pterois volitans,"Pterois volitans (Linnaeus, 1758)",Completo,"Pez escorpión, pez león.",Peces,ISSG,Australia,China,Christmas Island (Indian Ocean),Cocos (Keeling) Islands,Cook Islands,Fiji,French Polynesia,Guam,Hong Kong,India,Indonesia,Japan,"Korea, Democratic People's Republic of","Korea, Republic of",Malaysia,Maldives,Marshall Islands,Mauritius,"Micronesia, Federated States of (FSM)",Mozambique,New Caledonia (Nouvelle Caledonie),New Zealand,Norfolk Island,Northern Mariana Islands,Palau,Papua New Guinea,Philippines,Pitcairn,Samoa,Seychelles,Sri Lanka,Taiwan,Vanuatu,Viet Nam (Vietnam),,,,,,,,,,,,,,,,
Rutilus rutilus,"Rutilus rutilus (Linnaeus, 1758)",Completo,Rutilo,Peces,ISSG,Afghanistan,Albania,Andorra,Armenia,Austria,Azerbaijan,Belarus,Belgium,Bosnia and Herzegovina,Bulgaria,China,Croatia,Czech Republic,Denmark,Estonia,Finland,France,Georgia,Germany,Greece,Hungary,"Iran, Islamic Republic of",Isle of Man,Jersey,Kazakhstan,Kyrgyzstan,Latvia,Liechtenstein,Lithuania,Luxembourg,Macedonia,"Moldova, Republic of",Mongolia,Montenegro,Netherlands,Norway,Poland,Romania,Russian Federation,Serbia,Slovakia,Slovenia,Spain,Sweden,Switzerland,Tajikistan,Turkey,Ukraine,United Kingdom (UK),Uzbekistan
Salvelinus fontinalis,"Salvelinus fontinalis (Mitchell, 1815)",Completo,Salvelino,Peces,ISSG,Canada,United States (USA),,,,,,,,,,,,,,,,,,,,,,,,,,,,,,,,,,,,,,,,,,,,,,,,
Scardinius erythrophthalmus,"Scardinius erythrophthalmus (Linnaeus, 1758)",Completo,Gardí,Peces,ISSG,Afghanistan,Albania,Armenia,Austria,Azerbaijan,Belarus,Belgium,Bosnia and Herzegovina,Bulgaria,Croatia,Czech Republic,Denmark,Estonia,Europe,Finland,France,Georgia,Germany,Hungary,"Iran, Islamic Republic of",Ireland,Italy,Latvia,Liechtenstein,Lithuania,"Moldova, Republic of",Netherlands,Poland,Romania,Russian Federation,Slovakia,Slovenia,Switzerland,Turkey,Ukraine,United Kingdom (UK),Uzbekistan,,,,,,,,,,,,,
Bufo marinus,"Bufo marinus (Linnaeus, 1758) = Rhinella marina",Completo,Sapo marino,Amfibios,ISSG,Argentina,Belize,Bolivia,Brazil,Central America,Colombia,Costa Rica,Ecuador,El Salvador,French Guiana,Guatemala,Guyana,Honduras,Mexico,Nicaragua,Panama,Paraguay,Peru,South America,Suriname,Trinidad and Tobago,United States (USA),Venezuela,,,,,,,,,,,,,,,,,,,,,,,,,,,
Duttaphrynus melanostictus ,"Duttaphrynus melanostictus (Schneider, 1799)",Completo,Sapo común asiático,Amfibios,MAPAMA,pakistan,nepal,Bangladesh,india,sri Lanka,China,taiwan,Hong Kong,Macao,Myanmar,Lao People`s Democratic Republic,Viet Nam (Vietnam),Thailandia,Camboya,Malaysia,SINGAPORE,Indonesia,,,,,,,,,,,,,,,,,,,,,,,,,,,,,,,,,
Lithobates catesbeianus,"Lithobates (=Rana) catesbeianus (Shaw, 1802)",Completo,Rana toro,Amfibios,ISSG,Canada,United States (USA),,,,,,,,,,,,,,,,,,,,,,,,,,,,,,,,,,,,,,,,,,,,,,,,
Xenopus laevis,"Xenopus laevis (Daudin, 1802)",Completo,Rana de uñas africana,Amfibios,MAPAMA,Angola,Botswana,Congo,Mozambique,Nigeria,South Africa,Zambia,Zimbawe,,,,,,,,,,,,,,,,,,,,,,,,,,,,,,,,,,,,,,,,,,
Chrysemys picta,"Chrysemys picta (Schneider, 1783)",Completo,Tortuga pintada,Reptiles,MAPAMA,Canada,United States (USA),,,,,,,,,,,,,,,,,,,,,,,,,,,,,,,,,,,,,,,,,,,,,,,,
Elaphe guttata,"Elaphe guttata (Linnaeus, 1766)",Baleares,Culebra del maizal,Reptiles,ISSG,United States (USA),,,,,,,,,,,,,,,,,,,,,,,,,,,,,,,,,,,,,,,,,,,,,,,,,
Trachemys scripta,"Trachemys scripta (Schoepff, 1792)",Completo,Galápago americano o de Florida,Reptiles,MAPAMA,United States (USA),Mexico,,,,,,,,,,,,,,,,,,,,,,,,,,,,,,,,,,,,,,,,,,,,,,,,
Acridotheres,Acridotheres spp.,Completo,Minás,Aves,ISSG,Afghanistan,Asia,Bangladesh,Bhutan,Cambodia,China,Egypt,India,"Iran, Islamic Republic of",Kazakhstan,Lao People`s Democratic Republic,Lebanon,Malaysia,Myanmar (Burma),Nepal,Pakistan,Sri Lanka,Tajikistan,Thailand,Turkmenistan,Uzbekistan,Viet Nam (Vietnam),,,,,,,,,,,,,,,,,,,,,,,,,,,,
Alopochen aegyptiacus,"Alopochen aegyptiacus (Linnaeus, 1766)",Completo,Ganso del Nilo,Aves,MAPAMA/GBIF,South Africa,Kenya,"Tanzania, United Republic of",United Arab Emirates,Botswana,Namibia,Ethiopia,uganda,Swaziland,Zimbabwe,Zamibia,Mozambique,Israel ,Lesotho,Malawi,Egypt,"Congo, The Democratic Republic of the",Rwanda,Benin ,Greece,senegal,Angola,Djbouti,Eritrea,Sudan,Italy,Chad,Jordan,Qatar,Somalia,Mauritania,Oman,,,,,,,,,,,,,,,,,,
Amandava amandava,"Amandava amandava (Linnaeus, 1758)",Completo,Bengalí rojo,Aves,MAPAMA,India,Fiji,Thailand,Cambodia,Indonesia,Russian Federation,Nepal,Egypt,Greece,United Arab Emirates,Saudi Arabia,Timor-Leste,Myanmar,Sigapore,Malaysia,China,Pakistan,Turkey,Bahrian,Bulgaria,Japan,Viet Nam (Vietnam),Oman,Philippines,,,,,,,,,,,,,,,,,,,,,,,,,,
Branta canadensis,"Branta canadensis (Linnaeus, 1758)",Completo,Barnacla canadiense,Aves,ISSG,Bahamas,Canada,Cayman Islands,Cuba,Greenland,Mexico,North America,Puerto Rico,Republic of Haiti,Saint Pierre and Miquelon,Turks and Caicos Islands,United States (USA),,,,,,,,,,,,,,,,,,,,,,,,,,,,,,,,,,,,,,
Coturnix japonica,"Coturnix japonica Temminck & Schlegel, 1849",Completo,Codorniz japonesa,Aves,MAPAMA,Russia,China,Mongolia,India,Korea,japan,,,,,,,,,,,,,,,,,,,,,,,,,,,,,,,,,,,,,,,,,,,,
Estrilda,Estrilda spp.,Completo,NA,Aves,ISSG,Angola,Botswana,Burundi,Cameroon,Central African Republic,"Congo, Republic of the","Congo, The Democratic Republic of the (Zaire)",Cote d Ivoire (Ivory Coast),Equatorial Guinea,Ethiopia,Gabon,Ghana,Guinea,Kenya,Lesotho,Liberia,Malawi,Mozambique,Namibia,Nigeria,Rwanda,Sao Tome and Principe,Sierra Leone,Somalia,South Africa,Sudan,Swaziland,"Tanzania, United Republic of",Uganda,Zambia,Zimbabwe,,,,,,,,,,,,,,,,,,,
Leiothrix lutea ,"Leiothrix lutea (Scopoli, 1786)",Completo,Ruiseñor del Japón,Aves,MAPAMA,Thailand,Assma,Myanmar,China ,Vietnam,,,,,,,,,,,,,,,,,,,,,,,,,,,,,,,,,,,,,,,,,,,,,
Myiopsitta monachus,"Myiopsitta monachus (Boddaert, 1783)",Completo,Cotorra argentina,Aves,ISSG,Argentina,Bolivia,Brazil,Paraguay,South America,Uruguay,,,,,,,,,,,,,,,,,,,,,,,,,,,,,,,,,,,,,,,,,,,,
Oxyura jamaicensis,"Oxyura jamaicensis (Gmelin, 1789)",Completo,Malvasía canela,Aves,ISSG,Mexico,United States (USA),,,,,,,,,,,,,,,,,,,,,,,,,,,,,,,,,,,,,,,,,,,,,,,,
Psittacula krameri,"Psittacula krameri (Scopoli, 1769)",Completo,Cotorra de Kramer,Aves,ISSG,Afghanistan,Bangladesh,Benin,Bhutan,Burkina Faso,Cameroon,Central African Republic,Chad,China,Cote d Ivoire (Ivory Coast),Djibouti,Egypt,Eritrea,Ethiopia,Gambia,Ghana,Guinea,Guinea-Bissau,India,Liberia,Mali,Mauritania,Myanmar (Burma),Nepal,Niger,Nigeria,Pakistan,Senegal,Sierra Leone,Sri Lanka,Sudan,Togo,Uganda,Viet Nam (Vietnam),,,,,,,,,,,,,,,,
Pycnonotus cafer,"Pycnonotus cafer (Linnaeus, 1766)",Completo,Bulbul cafre,Aves,ISSG,India,Pakistan,Sri Lanka,Viet Nam (Vietnam),,,,,,,,,,,,,,,,,,,,,,,,,,,,,,,,,,,,,,,,,,,,,,
Pycnonotus jocosus,"Pycnonotus jocosus (Linnaeus, 1758)",Completo,Bulbul orfeo,Aves,ISSG,Bangladesh,Bhutan,Cambodia,China,India,Lao People`s Democratic Republic,Myanmar (Burma),Nepal,Thailand,,,,,,,,,,,,,,,,,,,,,,,,,,,,,,,,,,,,,,,,,
Streptopelia roseogrisea,"Streptopelia roseogrisea (Sundevall, 1857)",Completo,Tórtola rosígris,Aves,MAPAMA,Benin,Burkina Faso,Camerun,Chad,Djbouti,Egypt,Eritrea,Ethiopia,Gambia,Kwait,Mali,Mauritania,Niger,Nigeria,Saudi Arabia,Senegal,Somalia,Sudan,Western Sahara,Yemen,,,,,,,,,,,,,,,,,,,,,,,,,,,,,,
Threskiornis aethiopicus,"Threskiornis aethiopicus (Latham, 1790)",Completo,Ibis sagrado,Aves,MAPAMA,Western Sahara,Madagascar,Irak,Seychelles,,,,,,,,,,,,,,,,,,,,,,,,,,,,,,,,,,,,,,,,,,,,,,
Ammotragus lervia,"Ammotragus lervia (Pallas, 1777)",Excepto la población de Murcia ,Arruí,Mamíferos,ISSG,Algeria,Chad,Egypt,Libyan Arab Jamahiriya,Mali,Mauritania,Morocco,Niger,Sudan,Tunisia,,,,,,,,,,,,,,,,,,,,,,,,,,,,,,,,,,,,,,,,
Atelerix albiventris,"Atelerix albiventris (Wagner, 1841)",Completo,Erizo pigmeo africano,Mamíferos,MAPAMA,Benin, Burkina Faso, Camerún, Republica Central Africana, Chad, Costa de Marfil, Djibouti, Eritrea, Etiopia, Gambia, Ghana, Guinea, Kenya, Mali, Mauritania, Niger, Nigeria, Uganda, Sierra Leona, Somalia, Sudan, Tanzania,Togo,Zambia,Senegal,,,,,,,,,,,,,,,,,,,,,,,,,
Hemiechinus auritus,"Hemiechinus auritus (Gmelin, 1770)",Completo,Erizo egipcio u orejudo,Mamíferos,MAPAMA,China, Chipre,Egypt,Irak, Israel, Kyrgyzstan, Líbano, Libia, Mongolia, Pakistán, Siria, Tajikistan, Turquía, Turkmenistan, Ucrania, Uzbekistan,,,,,,,,,,,,,,,,,,,,,,,,,,,,,,,,,,
Herpestes javanicus,"Herpestes javanicus (É. Geoffroy Saint-Hilaire, 1818)",Completo,Mangosta pequeña asiática,Mamíferos,MAPAMA,Iran,India,Myanmar,Thailandia,Malaysia,,,,,,,,,,,,,,,,,,,,,,,,,,,,,,,,,,,,,,,,,,,,,
Mustela vison ,"Mustela (Neovison) vison Schreber, 1777",Completo,Visón americano,Mamíferos,ISSG,United States (USA),,,,,,,,,,,,,,,,,,,,,,,,,,,,,,,,,,,,,,,,,,,,,,,,,
Myocastor coypus,"Myocastor coypus (Molina, 1782)",Completo,Coipú,Mamíferos,ISSG,Argentina,Bolivia,Brazil,Chile,Paraguay,Uruguay,,,,,,,,,,,,,,,,,,,,,,,,,,,,,,,,,,,,,,,,,,,,
Nasua,Nasua spp.,Completo,Coatí,Mamíferos,ISSG,Argentina,Bolivia,Brazil,Colombia,Ecuador,French Guiana,Guyana,Paraguay,Peru,Suriname,Uruguay,Venezuela,,,,,,,,,,,,,,,,,,,,,,,,,,,,,,,,,,,,,,
Nyctereutes procyonoides,"Nyctereutes procyonoides (Gray, 1834)",Completo,Perro mapache,Mamíferos,MAPAMA,China,Korea,Mongolia,Russia,Japan,,,,,,,,,,,,,,,,,,,,,,,,,,,,,,,,,,,,,,,,,,,,,
Ondatra zibethicus,"Ondatra zibethicus (Linnaeus, 1766)",Completo,Rata azmilclera,Mamíferos,MAPAMA,United States (USA),,,,,,,,,,,,,,,,,,,,,,,,,,,,,,,,,,,,,,,,,,,,,,,,,
Procyon lotor,"Procyon lotor (Linnaeus, 1758)",Completo,Mapache,Mamíferos,MAPAMA/GBIF,United States (USA),Mexico,Canada,El Salvador,Costa Rica,Guadeloupe,Panama,Nicaragua,Bahamas,Belize,Guatemala,Honduras,,,,,,,,,,,,,,,,,,,,,,,,,,,,,,,,,,,,,,
,,,,,,,,,,,,,,,,,,,,,,,,,,,,,,,,,,,,,,,,,,,,,,,,,,,,,,,
,,,,,,,,,,,,,,,,,,,,,,,,,,,,,,,,,,,,,,,,,,,,,,,,,,,,,,,
,,,,,,,,,,,,,,,,,,,,,,,,,,,,,,,,,,,,,,,,,,,,,,,,,,,,,,,
,,,,,,,,,,,,,,,,,,,,,,,,,,,,,,,,,,,,,,,,,,,,,,,,,,,,,,,
,,,,,,,,,,,,,,,,,,,,,,,,,,,,,,,,,,,,,,,,,,,,,,,,,,,,,,,
,,,,,,,,,,,,,,,,,,,,,,,,,,,,,,,,,,,,,,,,,,,,,,,,,,,,,,,
,,,,,,,,,,,,,,,,,,,,,,,,,,,,,,,,,,,,,,,,,,,,,,,,,,,,,,,
,,,,,,,,,,,,,,,,,,,,,,,,,,,,,,,,,,,,,,,,,,,,,,,,,,,,,,,
,,,,,,,,,,,,,,,,,,,,,,,,,,,,,,,,,,,,,,,,,,,,,,,,,,,,,,,
,,,,,,,,,,,,,,,,,,,,,,,,,,,,,,,,,,,,,,,,,,,,,,,,,,,,,,,
,,,,,,,,,,,,,,,,,,,,,,,,,,,,,,,,,,,,,,,,,,,,,,,,,,,,,,,
,,,,,,,,,,,,,,,,,,,,,,,,,,,,,,,,,,,,,,,,,,,,,,,,,,,,,,,
,,,,,,,,,,,,,,,,,,,,,,,,,,,,,,,,,,,,,,,,,,,,,,,,,,,,,,,
,,,,,,,,,,,,,,,,,,,,,,,,,,,,,,,,,,,,,,,,,,,,,,,,,,,,,,,
,,,,,,,,,,,,,,,,,,,,,,,,,,,,,,,,,,,,,,,,,,,,,,,,,,,,,,,
,,,,,,,,,,,,,,,,,,,,,,,,,,,,,,,,,,,,,,,,,,,,,,,,,,,,,,,
,,,,,,,,,,,,,,,,,,,,,,,,,,,,,,,,,,,,,,,,,,,,,,,,,,,,,,,
,,,,,,,,,,,,,,,,,,,,,,,,,,,,,,,,,,,,,,,,,,,,,,,,,,,,,,,
,,,,,,,,,,,,,,,,,,,,,,,,,,,,,,,,,,,,,,,,,,,,,,,,,,,,,,,
,,,,,,,,,,,,,,,,,,,,,,,,,,,,,,,,,,,,,,,,,,,,,,,,,,,,,,,
,,,,,,,,,,,,,,,,,,,,,,,,,,,,,,,,,,,,,,,,,,,,,,,,,,,,,,,
,,,,,,,,,,,,,,,,,,,,,,,,,,,,,,,,,,,,,,,,,,,,,,,,,,,,,,,
,,,,,,,,,,,,,,,,,,,,,,,,,,,,,,,,,,,,,,,,,,,,,,,,,,,,,,,
,,,,,,,,,,,,,,,,,,,,,,,,,,,,,,,,,,,,,,,,,,,,,,,,,,,,,,,
,,,,,,,,,,,,,,,,,,,,,,,,,,,,,,,,,,,,,,,,,,,,,,,,,,,,,,,
,,,,,,,,,,,,,,,,,,,,,,,,,,,,,,,,,,,,,,,,,,,,,,,,,,,,,,,
,,,,,,,,,,,,,,,,,,,,,,,,,,,,,,,,,,,,,,,,,,,,,,,,,,,,,,,
,,,,,,,,,,,,,,,,,,,,,,,,,,,,,,,,,,,,,,,,,,,,,,,,,,,,,,,
,,,,,,,,,,,,,,,,,,,,,,,,,,,,,,,,,,,,,,,,,,,,,,,,,,,,,,,
,,,,,,,,,,,,,,,,,,,,,,,,,,,,,,,,,,,,,,,,,,,,,,,,,,,,,,,
,,,,,,,,,,,,,,,,,,,,,,,,,,,,,,,,,,,,,,,,,,,,,,,,,,,,,,,
,,,,,,,,,,,,,,,,,,,,,,,,,,,,,,,,,,,,,,,,,,,,,,,,,,,,,,,
,,,,,,,,,,,,,,,,,,,,,,,,,,,,,,,,,,,,,,,,,,,,,,,,,,,,,,,
,,,,,,,,,,,,,,,,,,,,,,,,,,,,,,,,,,,,,,,,,,,,,,,,,,,,,,,
,,,,,,,,,,,,,,,,,,,,,,,,,,,,,,,,,,,,,,,,,,,,,,,,,,,,,,,
,,,,,,,,,,,,,,,,,,,,,,,,,,,,,,,,,,,,,,,,,,,,,,,,,,,,,,,
,,,,,,,,,,,,,,,,,,,,,,,,,,,,,,,,,,,,,,,,,,,,,,,,,,,,,,,
,,,,,,,,,,,,,,,,,,,,,,,,,,,,,,,,,,,,,,,,,,,,,,,,,,,,,,,
,,,,,,,,,,,,,,,,,,,,,,,,,,,,,,,,,,,,,,,,,,,,,,,,,,,,,,,
,,,,,,,,,,,,,,,,,,,,,,,,,,,,,,,,,,,,,,,,,,,,,,,,,,,,,,,
,,,,,,,,,,,,,,,,,,,,,,,,,,,,,,,,,,,,,,,,,,,,,,,,,,,,,,,
,,,,,,,,,,,,,,,,,,,,,,,,,,,,,,,,,,,,,,,,,,,,,,,,,,,,,,,
,,,,,,,,,,,,,,,,,,,,,,,,,,,,,,,,,,,,,,,,,,,,,,,,,,,,,,,
,,,,,,,,,,,,,,,,,,,,,,,,,,,,,,,,,,,,,,,,,,,,,,,,,,,,,,,
,,,,,,,,,,,,,,,,,,,,,,,,,,,,,,,,,,,,,,,,,,,,,,,,,,,,,,,
,,,,,,,,,,,,,,,,,,,,,,,,,,,,,,,,,,,,,,,,,,,,,,,,,,,,,,,
,,,,,,,,,,,,,,,,,,,,,,,,,,,,,,,,,,,,,,,,,,,,,,,,,,,,,,,
,,,,,,,,,,,,,,,,,,,,,,,,,,,,,,,,,,,,,,,,,,,,,,,,,,,,,,,
,,,,,,,,,,,,,,,,,,,,,,,,,,,,,,,,,,,,,,,,,,,,,,,,,,,,,,,
,,,,,,,,,,,,,,,,,,,,,,,,,,,,,,,,,,,,,,,,,,,,,,,,,,,,,,,
,,,,,,,,,,,,,,,,,,,,,,,,,,,,,,,,,,,,,,,,,,,,,,,,,,,,,,,
,,,,,,,,,,,,,,,,,,,,,,,,,,,,,,,,,,,,,,,,,,,,,,,,,,,,,,,
,,,,,,,,,,,,,,,,,,,,,,,,,,,,,,,,,,,,,,,,,,,,,,,,,,,,,,,
,,,,,,,,,,,,,,,,,,,,,,,,,,,,,,,,,,,,,,,,,,,,,,,,,,,,,,,
,,,,,,,,,,,,,,,,,,,,,,,,,,,,,,,,,,,,,,,,,,,,,,,,,,,,,,,
,,,,,,,,,,,,,,,,,,,,,,,,,,,,,,,,,,,,,,,,,,,,,,,,,,,,,,,
,,,,,,,,,,,,,,,,,,,,,,,,,,,,,,,,,,,,,,,,,,,,,,,,,,,,,,,
,,,,,,,,,,,,,,,,,,,,,,,,,,,,,,,,,,,,,,,,,,,,,,,,,,,,,,,
,,,,,,,,,,,,,,,,,,,,,,,,,,,,,,,,,,,,,,,,,,,,,,,,,,,,,,,
,,,,,,,,,,,,,,,,,,,,,,,,,,,,,,,,,,,,,,,,,,,,,,,,,,,,,,,
,,,,,,,,,,,,,,,,,,,,,,,,,,,,,,,,,,,,,,,,,,,,,,,,,,,,,,,
,,,,,,,,,,,,,,,,,,,,,,,,,,,,,,,,,,,,,,,,,,,,,,,,,,,,,,,
,,,,,,,,,,,,,,,,,,,,,,,,,,,,,,,,,,,,,,,,,,,,,,,,,,,,,,,
,,,,,,,,,,,,,,,,,,,,,,,,,,,,,,,,,,,,,,,,,,,,,,,,,,,,,,,
,,,,,,,,,,,,,,,,,,,,,,,,,,,,,,,,,,,,,,,,,,,,,,,,,,,,,,,
,,,,,,,,,,,,,,,,,,,,,,,,,,,,,,,,,,,,,,,,,,,,,,,,,,,,,,,
,,,,,,,,,,,,,,,,,,,,,,,,,,,,,,,,,,,,,,,,,,,,,,,,,,,,,,,
,,,,,,,,,,,,,,,,,,,,,,,,,,,,,,,,,,,,,,,,,,,,,,,,,,,,,,,
,,,,,,,,,,,,,,,,,,,,,,,,,,,,,,,,,,,,,,,,,,,,,,,,,,,,,,,
,,,,,,,,,,,,,,,,,,,,,,,,,,,,,,,,,,,,,,,,,,,,,,,,,,,,,,,
,,,,,,,,,,,,,,,,,,,,,,,,,,,,,,,,,,,,,,,,,,,,,,,,,,,,,,,
,,,,,,,,,,,,,,,,,,,,,,,,,,,,,,,,,,,,,,,,,,,,,,,,,,,,,,,
,,,,,,,,,,,,,,,,,,,,,,,,,,,,,,,,,,,,,,,,,,,,,,,,,,,,,,,
,,,,,,,,,,,,,,,,,,,,,,,,,,,,,,,,,,,,,,,,,,,,,,,,,,,,,,,
,,,,,,,,,,,,,,,,,,,,,,,,,,,,,,,,,,,,,,,,,,,,,,,,,,,,,,,
,,,,,,,,,,,,,,,,,,,,,,,,,,,,,,,,,,,,,,,,,,,,,,,,,,,,,,,
,,,,,,,,,,,,,,,,,,,,,,,,,,,,,,,,,,,,,,,,,,,,,,,,,,,,,,,
,,,,,,,,,,,,,,,,,,,,,,,,,,,,,,,,,,,,,,,,,,,,,,,,,,,,,,,
,,,,,,,,,,,,,,,,,,,,,,,,,,,,,,,,,,,,,,,,,,,,,,,,,,,,,,,
,,,,,,,,,,,,,,,,,,,,,,,,,,,,,,,,,,,,,,,,,,,,,,,,,,,,,,,
,,,,,,,,,,,,,,,,,,,,,,,,,,,,,,,,,,,,,,,,,,,,,,,,,,,,,,,
,,,,,,,,,,,,,,,,,,,,,,,,,,,,,,,,,,,,,,,,,,,,,,,,,,,,,,,
,,,,,,,,,,,,,,,,,,,,,,,,,,,,,,,,,,,,,,,,,,,,,,,,,,,,,,,
,,,,,,,,,,,,,,,,,,,,,,,,,,,,,,,,,,,,,,,,,,,,,,,,,,,,,,,
,,,,,,,,,,,,,,,,,,,,,,,,,,,,,,,,,,,,,,,,,,,,,,,,,,,,,,,
,,,,,,,,,,,,,,,,,,,,,,,,,,,,,,,,,,,,,,,,,,,,,,,,,,,,,,,
,,,,,,,,,,,,,,,,,,,,,,,,,,,,,,,,,,,,,,,,,,,,,,,,,,,,,,,
,,,,,,,,,,,,,,,,,,,,,,,,,,,,,,,,,,,,,,,,,,,,,,,,,,,,,,,
,,,,,,,,,,,,,,,,,,,,,,,,,,,,,,,,,,,,,,,,,,,,,,,,,,,,,,,
,,,,,,,,,,,,,,,,,,,,,,,,,,,,,,,,,,,,,,,,,,,,,,,,,,,,,,,
,,,,,,,,,,,,,,,,,,,,,,,,,,,,,,,,,,,,,,,,,,,,,,,,,,,,,,,
,,,,,,,,,,,,,,,,,,,,,,,,,,,,,,,,,,,,,,,,,,,,,,,,,,,,,,,
,,,,,,,,,,,,,,,,,,,,,,,,,,,,,,,,,,,,,,,,,,,,,,,,,,,,,,,
,,,,,,,,,,,,,,,,,,,,,,,,,,,,,,,,,,,,,,,,,,,,,,,,,,,,,,,
,,,,,,,,,,,,,,,,,,,,,,,,,,,,,,,,,,,,,,,,,,,,,,,,,,,,,,,
,,,,,,,,,,,,,,,,,,,,,,,,,,,,,,,,,,,,,,,,,,,,,,,,,,,,,,,
,,,,,,,,,,,,,,,,,,,,,,,,,,,,,,,,,,,,,,,,,,,,,,,,,,,,,,,
,,,,,,,,,,,,,,,,,,,,,,,,,,,,,,,,,,,,,,,,,,,,,,,,,,,,,,,
,,,,,,,,,,,,,,,,,,,,,,,,,,,,,,,,,,,,,,,,,,,,,,,,,,,,,,,
,,,,,,,,,,,,,,,,,,,,,,,,,,,,,,,,,,,,,,,,,,,,,,,,,,,,,,,
,,,,,,,,,,,,,,,,,,,,,,,,,,,,,,,,,,,,,,,,,,,,,,,,,,,,,,,
,,,,,,,,,,,,,,,,,,,,,,,,,,,,,,,,,,,,,,,,,,,,,,,,,,,,,,,
,,,,,,,,,,,,,,,,,,,,,,,,,,,,,,,,,,,,,,,,,,,,,,,,,,,,,,,
,,,,,,,,,,,,,,,,,,,,,,,,,,,,,,,,,,,,,,,,,,,,,,,,,,,,,,,
,,,,,,,,,,,,,,,,,,,,,,,,,,,,,,,,,,,,,,,,,,,,,,,,,,,,,,,
,,,,,,,,,,,,,,,,,,,,,,,,,,,,,,,,,,,,,,,,,,,,,,,,,,,,,,,
,,,,,,,,,,,,,,,,,,,,,,,,,,,,,,,,,,,,,,,,,,,,,,,,,,,,,,,
,,,,,,,,,,,,,,,,,,,,,,,,,,,,,,,,,,,,,,,,,,,,,,,,,,,,,,,
,,,,,,,,,,,,,,,,,,,,,,,,,,,,,,,,,,,,,,,,,,,,,,,,,,,,,,,
,,,,,,,,,,,,,,,,,,,,,,,,,,,,,,,,,,,,,,,,,,,,,,,,,,,,,,,
,,,,,,,,,,,,,,,,,,,,,,,,,,,,,,,,,,,,,,,,,,,,,,,,,,,,,,,
,,,,,,,,,,,,,,,,,,,,,,,,,,,,,,,,,,,,,,,,,,,,,,,,,,,,,,,
,,,,,,,,,,,,,,,,,,,,,,,,,,,,,,,,,,,,,,,,,,,,,,,,,,,,,,,
,,,,,,,,,,,,,,,,,,,,,,,,,,,,,,,,,,,,,,,,,,,,,,,,,,,,,,,
,,,,,,,,,,,,,,,,,,,,,,,,,,,,,,,,,,,,,,,,,,,,,,,,,,,,,,,
,,,,,,,,,,,,,,,,,,,,,,,,,,,,,,,,,,,,,,,,,,,,,,,,,,,,,,,
,,,,,,,,,,,,,,,,,,,,,,,,,,,,,,,,,,,,,,,,,,,,,,,,,,,,,,,
,,,,,,,,,,,,,,,,,,,,,,,,,,,,,,,,,,,,,,,,,,,,,,,,,,,,,,,
,,,,,,,,,,,,,,,,,,,,,,,,,,,,,,,,,,,,,,,,,,,,,,,,,,,,,,,
,,,,,,,,,,,,,,,,,,,,,,,,,,,,,,,,,,,,,,,,,,,,,,,,,,,,,,,
,,,,,,,,,,,,,,,,,,,,,,,,,,,,,,,,,,,,,,,,,,,,,,,,,,,,,,,
,,,,,,,,,,,,,,,,,,,,,,,,,,,,,,,,,,,,,,,,,,,,,,,,,,,,,,,
,,,,,,,,,,,,,,,,,,,,,,,,,,,,,,,,,,,,,,,,,,,,,,,,,,,,,,,
,,,,,,,,,,,,,,,,,,,,,,,,,,,,,,,,,,,,,,,,,,,,,,,,,,,,,,,
,,,,,,,,,,,,,,,,,,,,,,,,,,,,,,,,,,,,,,,,,,,,,,,,,,,,,,,
,,,,,,,,,,,,,,,,,,,,,,,,,,,,,,,,,,,,,,,,,,,,,,,,,,,,,,,
,,,,,,,,,,,,,,,,,,,,,,,,,,,,,,,,,,,,,,,,,,,,,,,,,,,,,,,
,,,,,,,,,,,,,,,,,,,,,,,,,,,,,,,,,,,,,,,,,,,,,,,,,,,,,,,
,,,,,,,,,,,,,,,,,,,,,,,,,,,,,,,,,,,,,,,,,,,,,,,,,,,,,,,
,,,,,,,,,,,,,,,,,,,,,,,,,,,,,,,,,,,,,,,,,,,,,,,,,,,,,,,
,,,,,,,,,,,,,,,,,,,,,,,,,,,,,,,,,,,,,,,,,,,,,,,,,,,,,,,
,,,,,,,,,,,,,,,,,,,,,,,,,,,,,,,,,,,,,,,,,,,,,,,,,,,,,,,
,,,,,,,,,,,,,,,,,,,,,,,,,,,,,,,,,,,,,,,,,,,,,,,,,,,,,,,
,,,,,,,,,,,,,,,,,,,,,,,,,,,,,,,,,,,,,,,,,,,,,,,,,,,,,,,
,,,,,,,,,,,,,,,,,,,,,,,,,,,,,,,,,,,,,,,,,,,,,,,,,,,,,,,
,,,,,,,,,,,,,,,,,,,,,,,,,,,,,,,,,,,,,,,,,,,,,,,,,,,,,,,
,,,,,,,,,,,,,,,,,,,,,,,,,,,,,,,,,,,,,,,,,,,,,,,,,,,,,,,
,,,,,,,,,,,,,,,,,,,,,,,,,,,,,,,,,,,,,,,,,,,,,,,,,,,,,,,
,,,,,,,,,,,,,,,,,,,,,,,,,,,,,,,,,,,,,,,,,,,,,,,,,,,,,,,
,,,,,,,,,,,,,,,,,,,,,,,,,,,,,,,,,,,,,,,,,,,,,,,,,,,,,,,
,,,,,,,,,,,,,,,,,,,,,,,,,,,,,,,,,,,,,,,,,,,,,,,,,,,,,,,
,,,,,,,,,,,,,,,,,,,,,,,,,,,,,,,,,,,,,,,,,,,,,,,,,,,,,,,
,,,,,,,,,,,,,,,,,,,,,,,,,,,,,,,,,,,,,,,,,,,,,,,,,,,,,,,
,,,,,,,,,,,,,,,,,,,,,,,,,,,,,,,,,,,,,,,,,,,,,,,,,,,,,,,
,,,,,,,,,,,,,,,,,,,,,,,,,,,,,,,,,,,,,,,,,,,,,,,,,,,,,,,
,,,,,,,,,,,,,,,,,,,,,,,,,,,,,,,,,,,,,,,,,,,,,,,,,,,,,,,
,,,,,,,,,,,,,,,,,,,,,,,,,,,,,,,,,,,,,,,,,,,,,,,,,,,,,,,
,,,,,,,,,,,,,,,,,,,,,,,,,,,,,,,,,,,,,,,,,,,,,,,,,,,,,,,
,,,,,,,,,,,,,,,,,,,,,,,,,,,,,,,,,,,,,,,,,,,,,,,,,,,,,,,
,,,,,,,,,,,,,,,,,,,,,,,,,,,,,,,,,,,,,,,,,,,,,,,,,,,,,,,
,,,,,,,,,,,,,,,,,,,,,,,,,,,,,,,,,,,,,,,,,,,,,,,,,,,,,,,
,,,,,,,,,,,,,,,,,,,,,,,,,,,,,,,,,,,,,,,,,,,,,,,,,,,,,,,
,,,,,,,,,,,,,,,,,,,,,,,,,,,,,,,,,,,,,,,,,,,,,,,,,,,,,,,
,,,,,,,,,,,,,,,,,,,,,,,,,,,,,,,,,,,,,,,,,,,,,,,,,,,,,,,
,,,,,,,,,,,,,,,,,,,,,,,,,,,,,,,,,,,,,,,,,,,,,,,,,,,,,,,
,,,,,,,,,,,,,,,,,,,,,,,,,,,,,,,,,,,,,,,,,,,,,,,,,,,,,,,
,,,,,,,,,,,,,,,,,,,,,,,,,,,,,,,,,,,,,,,,,,,,,,,,,,,,,,,
,,,,,,,,,,,,,,,,,,,,,,,,,,,,,,,,,,,,,,,,,,,,,,,,,,,,,,,
,,,,,,,,,,,,,,,,,,,,,,,,,,,,,,,,,,,,,,,,,,,,,,,,,,,,,,,
,,,,,,,,,,,,,,,,,,,,,,,,,,,,,,,,,,,,,,,,,,,,,,,,,,,,,,,
,,,,,,,,,,,,,,,,,,,,,,,,,,,,,,,,,,,,,,,,,,,,,,,,,,,,,,,
,,,,,,,,,,,,,,,,,,,,,,,,,,,,,,,,,,,,,,,,,,,,,,,,,,,,,,,
,,,,,,,,,,,,,,,,,,,,,,,,,,,,,,,,,,,,,,,,,,,,,,,,,,,,,,,
,,,,,,,,,,,,,,,,,,,,,,,,,,,,,,,,,,,,,,,,,,,,,,,,,,,,,,,
,,,,,,,,,,,,,,,,,,,,,,,,,,,,,,,,,,,,,,,,,,,,,,,,,,,,,,,
,,,,,,,,,,,,,,,,,,,,,,,,,,,,,,,,,,,,,,,,,,,,,,,,,,,,,,,
,,,,,,,,,,,,,,,,,,,,,,,,,,,,,,,,,,,,,,,,,,,,,,,,,,,,,,,
,,,,,,,,,,,,,,,,,,,,,,,,,,,,,,,,,,,,,,,,,,,,,,,,,,,,,,,
,,,,,,,,,,,,,,,,,,,,,,,,,,,,,,,,,,,,,,,,,,,,,,,,,,,,,,,
,,,,,,,,,,,,,,,,,,,,,,,,,,,,,,,,,,,,,,,,,,,,,,,,,,,,,,,
,,,,,,,,,,,,,,,,,,,,,,,,,,,,,,,,,,,,,,,,,,,,,,,,,,,,,,,
,,,,,,,,,,,,,,,,,,,,,,,,,,,,,,,,,,,,,,,,,,,,,,,,,,,,,,,
,,,,,,,,,,,,,,,,,,,,,,,,,,,,,,,,,,,,,,,,,,,,,,,,,,,,,,,
,,,,,,,,,,,,,,,,,,,,,,,,,,,,,,,,,,,,,,,,,,,,,,,,,,,,,,,
,,,,,,,,,,,,,,,,,,,,,,,,,,,,,,,,,,,,,,,,,,,,,,,,,,,,,,,
,,,,,,,,,,,,,,,,,,,,,,,,,,,,,,,,,,,,,,,,,,,,,,,,,,,,,,,
,,,,,,,,,,,,,,,,,,,,,,,,,,,,,,,,,,,,,,,,,,,,,,,,,,,,,,,
,,,,,,,,,,,,,,,,,,,,,,,,,,,,,,,,,,,,,,,,,,,,,,,,,,,,,,,
,,,,,,,,,,,,,,,,,,,,,,,,,,,,,,,,,,,,,,,,,,,,,,,,,,,,,,,
,,,,,,,,,,,,,,,,,,,,,,,,,,,,,,,,,,,,,,,,,,,,,,,,,,,,,,,
,,,,,,,,,,,,,,,,,,,,,,,,,,,,,,,,,,,,,,,,,,,,,,,,,,,,,,,
,,,,,,,,,,,,,,,,,,,,,,,,,,,,,,,,,,,,,,,,,,,,,,,,,,,,,,,
,,,,,,,,,,,,,,,,,,,,,,,,,,,,,,,,,,,,,,,,,,,,,,,,,,,,,,,
,,,,,,,,,,,,,,,,,,,,,,,,,,,,,,,,,,,,,,,,,,,,,,,,,,,,,,,
,,,,,,,,,,,,,,,,,,,,,,,,,,,,,,,,,,,,,,,,,,,,,,,,,,,,,,,
,,,,,,,,,,,,,,,,,,,,,,,,,,,,,,,,,,,,,,,,,,,,,,,,,,,,,,,
,,,,,,,,,,,,,,,,,,,,,,,,,,,,,,,,,,,,,,,,,,,,,,,,,,,,,,,
,,,,,,,,,,,,,,,,,,,,,,,,,,,,,,,,,,,,,,,,,,,,,,,,,,,,,,,
,,,,,,,,,,,,,,,,,,,,,,,,,,,,,,,,,,,,,,,,,,,,,,,,,,,,,,,
,,,,,,,,,,,,,,,,,,,,,,,,,,,,,,,,,,,,,,,,,,,,,,,,,,,,,,,
,,,,,,,,,,,,,,,,,,,,,,,,,,,,,,,,,,,,,,,,,,,,,,,,,,,,,,,
,,,,,,,,,,,,,,,,,,,,,,,,,,,,,,,,,,,,,,,,,,,,,,,,,,,,,,,
,,,,,,,,,,,,,,,,,,,,,,,,,,,,,,,,,,,,,,,,,,,,,,,,,,,,,,,
,,,,,,,,,,,,,,,,,,,,,,,,,,,,,,,,,,,,,,,,,,,,,,,,,,,,,,,
,,,,,,,,,,,,,,,,,,,,,,,,,,,,,,,,,,,,,,,,,,,,,,,,,,,,,,,
,,,,,,,,,,,,,,,,,,,,,,,,,,,,,,,,,,,,,,,,,,,,,,,,,,,,,,,
,,,,,,,,,,,,,,,,,,,,,,,,,,,,,,,,,,,,,,,,,,,,,,,,,,,,,,,
,,,,,,,,,,,,,,,,,,,,,,,,,,,,,,,,,,,,,,,,,,,,,,,,,,,,,,,
,,,,,,,,,,,,,,,,,,,,,,,,,,,,,,,,,,,,,,,,,,,,,,,,,,,,,,,
,,,,,,,,,,,,,,,,,,,,,,,,,,,,,,,,,,,,,,,,,,,,,,,,,,,,,,,
,,,,,,,,,,,,,,,,,,,,,,,,,,,,,,,,,,,,,,,,,,,,,,,,,,,,,,,
,,,,,,,,,,,,,,,,,,,,,,,,,,,,,,,,,,,,,,,,,,,,,,,,,,,,,,,
,,,,,,,,,,,,,,,,,,,,,,,,,,,,,,,,,,,,,,,,,,,,,,,,,,,,,,,
,,,,,,,,,,,,,,,,,,,,,,,,,,,,,,,,,,,,,,,,,,,,,,,,,,,,,,,
,,,,,,,,,,,,,,,,,,,,,,,,,,,,,,,,,,,,,,,,,,,,,,,,,,,,,,,
,,,,,,,,,,,,,,,,,,,,,,,,,,,,,,,,,,,,,,,,,,,,,,,,,,,,,,,
,,,,,,,,,,,,,,,,,,,,,,,,,,,,,,,,,,,,,,,,,,,,,,,,,,,,,,,
,,,,,,,,,,,,,,,,,,,,,,,,,,,,,,,,,,,,,,,,,,,,,,,,,,,,,,,
,,,,,,,,,,,,,,,,,,,,,,,,,,,,,,,,,,,,,,,,,,,,,,,,,,,,,,,
,,,,,,,,,,,,,,,,,,,,,,,,,,,,,,,,,,,,,,,,,,,,,,,,,,,,,,,
,,,,,,,,,,,,,,,,,,,,,,,,,,,,,,,,,,,,,,,,,,,,,,,,,,,,,,,
,,,,,,,,,,,,,,,,,,,,,,,,,,,,,,,,,,,,,,,,,,,,,,,,,,,,,,,
,,,,,,,,,,,,,,,,,,,,,,,,,,,,,,,,,,,,,,,,,,,,,,,,,,,,,,,
,,,,,,,,,,,,,,,,,,,,,,,,,,,,,,,,,,,,,,,,,,,,,,,,,,,,,,,
,,,,,,,,,,,,,,,,,,,,,,,,,,,,,,,,,,,,,,,,,,,,,,,,,,,,,,,
,,,,,,,,,,,,,,,,,,,,,,,,,,,,,,,,,,,,,,,,,,,,,,,,,,,,,,,
,,,,,,,,,,,,,,,,,,,,,,,,,,,,,,,,,,,,,,,,,,,,,,,,,,,,,,,
,,,,,,,,,,,,,,,,,,,,,,,,,,,,,,,,,,,,,,,,,,,,,,,,,,,,,,,
,,,,,,,,,,,,,,,,,,,,,,,,,,,,,,,,,,,,,,,,,,,,,,,,,,,,,,,
,,,,,,,,,,,,,,,,,,,,,,,,,,,,,,,,,,,,,,,,,,,,,,,,,,,,,,,
,,,,,,,,,,,,,,,,,,,,,,,,,,,,,,,,,,,,,,,,,,,,,,,,,,,,,,,
,,,,,,,,,,,,,,,,,,,,,,,,,,,,,,,,,,,,,,,,,,,,,,,,,,,,,,,
,,,,,,,,,,,,,,,,,,,,,,,,,,,,,,,,,,,,,,,,,,,,,,,,,,,,,,,
,,,,,,,,,,,,,,,,,,,,,,,,,,,,,,,,,,,,,,,,,,,,,,,,,,,,,,,
,,,,,,,,,,,,,,,,,,,,,,,,,,,,,,,,,,,,,,,,,,,,,,,,,,,,,,,
,,,,,,,,,,,,,,,,,,,,,,,,,,,,,,,,,,,,,,,,,,,,,,,,,,,,,,,
,,,,,,,,,,,,,,,,,,,,,,,,,,,,,,,,,,,,,,,,,,,,,,,,,,,,,,,
,,,,,,,,,,,,,,,,,,,,,,,,,,,,,,,,,,,,,,,,,,,,,,,,,,,,,,,
,,,,,,,,,,,,,,,,,,,,,,,,,,,,,,,,,,,,,,,,,,,,,,,,,,,,,,,
,,,,,,,,,,,,,,,,,,,,,,,,,,,,,,,,,,,,,,,,,,,,,,,,,,,,,,,
,,,,,,,,,,,,,,,,,,,,,,,,,,,,,,,,,,,,,,,,,,,,,,,,,,,,,,,
,,,,,,,,,,,,,,,,,,,,,,,,,,,,,,,,,,,,,,,,,,,,,,,,,,,,,,,
,,,,,,,,,,,,,,,,,,,,,,,,,,,,,,,,,,,,,,,,,,,,,,,,,,,,,,,
,,,,,,,,,,,,,,,,,,,,,,,,,,,,,,,,,,,,,,,,,,,,,,,,,,,,,,,
,,,,,,,,,,,,,,,,,,,,,,,,,,,,,,,,,,,,,,,,,,,,,,,,,,,,,,,
,,,,,,,,,,,,,,,,,,,,,,,,,,,,,,,,,,,,,,,,,,,,,,,,,,,,,,,
,,,,,,,,,,,,,,,,,,,,,,,,,,,,,,,,,,,,,,,,,,,,,,,,,,,,,,,
,,,,,,,,,,,,,,,,,,,,,,,,,,,,,,,,,,,,,,,,,,,,,,,,,,,,,,,
,,,,,,,,,,,,,,,,,,,,,,,,,,,,,,,,,,,,,,,,,,,,,,,,,,,,,,,
,,,,,,,,,,,,,,,,,,,,,,,,,,,,,,,,,,,,,,,,,,,,,,,,,,,,,,,
,,,,,,,,,,,,,,,,,,,,,,,,,,,,,,,,,,,,,,,,,,,,,,,,,,,,,,,
,,,,,,,,,,,,,,,,,,,,,,,,,,,,,,,,,,,,,,,,,,,,,,,,,,,,,,,
,,,,,,,,,,,,,,,,,,,,,,,,,,,,,,,,,,,,,,,,,,,,,,,,,,,,,,,
,,,,,,,,,,,,,,,,,,,,,,,,,,,,,,,,,,,,,,,,,,,,,,,,,,,,,,,
,,,,,,,,,,,,,,,,,,,,,,,,,,,,,,,,,,,,,,,,,,,,,,,,,,,,,,,
,,,,,,,,,,,,,,,,,,,,,,,,,,,,,,,,,,,,,,,,,,,,,,,,,,,,,,,
,,,,,,,,,,,,,,,,,,,,,,,,,,,,,,,,,,,,,,,,,,,,,,,,,,,,,,,
,,,,,,,,,,,,,,,,,,,,,,,,,,,,,,,,,,,,,,,,,,,,,,,,,,,,,,,
,,,,,,,,,,,,,,,,,,,,,,,,,,,,,,,,,,,,,,,,,,,,,,,,,,,,,,,
,,,,,,,,,,,,,,,,,,,,,,,,,,,,,,,,,,,,,,,,,,,,,,,,,,,,,,,
,,,,,,,,,,,,,,,,,,,,,,,,,,,,,,,,,,,,,,,,,,,,,,,,,,,,,,,
,,,,,,,,,,,,,,,,,,,,,,,,,,,,,,,,,,,,,,,,,,,,,,,,,,,,,,,
,,,,,,,,,,,,,,,,,,,,,,,,,,,,,,,,,,,,,,,,,,,,,,,,,,,,,,,
,,,,,,,,,,,,,,,,,,,,,,,,,,,,,,,,,,,,,,,,,,,,,,,,,,,,,,,
,,,,,,,,,,,,,,,,,,,,,,,,,,,,,,,,,,,,,,,,,,,,,,,,,,,,,,,
,,,,,,,,,,,,,,,,,,,,,,,,,,,,,,,,,,,,,,,,,,,,,,,,,,,,,,,
,,,,,,,,,,,,,,,,,,,,,,,,,,,,,,,,,,,,,,,,,,,,,,,,,,,,,,,
,,,,,,,,,,,,,,,,,,,,,,,,,,,,,,,,,,,,,,,,,,,,,,,,,,,,,,,
,,,,,,,,,,,,,,,,,,,,,,,,,,,,,,,,,,,,,,,,,,,,,,,,,,,,,,,
,,,,,,,,,,,,,,,,,,,,,,,,,,,,,,,,,,,,,,,,,,,,,,,,,,,,,,,
,,,,,,,,,,,,,,,,,,,,,,,,,,,,,,,,,,,,,,,,,,,,,,,,,,,,,,,
,,,,,,,,,,,,,,,,,,,,,,,,,,,,,,,,,,,,,,,,,,,,,,,,,,,,,,,
,,,,,,,,,,,,,,,,,,,,,,,,,,,,,,,,,,,,,,,,,,,,,,,,,,,,,,,
,,,,,,,,,,,,,,,,,,,,,,,,,,,,,,,,,,,,,,,,,,,,,,,,,,,,,,,
